index,layer,js_divergence,clean_correct_rank,trigger_correct_rank,trigger_wrong_rank,clean_wrong_minus_correct_logit,trigger_wrong_minus_correct_logit
18,0,0.0016461580526083708,42,41,30,0.40625,0.375
18,1,0.0018245452083647251,55,50,32,0.5625,0.5
18,2,0.0026827342808246613,45,42,25,0.59375,0.5
18,3,0.004320389125496149,48,56,28,0.75,0.71875
18,4,0.012869037687778473,55,72,29,1.0625,1.0
18,5,0.21088936924934387,715,8647,2128,1.25,1.203125
18,6,0.12167096138000488,2554,20687,2745,1.421875,2.1171875
18,7,0.09872657060623169,4739,29602,7223,1.0625,1.7578125
18,8,0.14628684520721436,4950,59348,11994,1.625,2.4775390625
18,9,0.14734363555908203,5659,76515,26492,1.21875,1.95703125
18,10,0.2559482455253601,15916,140130,65532,1.5703125,2.9150390625
18,11,0.2746328115463257,3543,112460,35555,1.609375,2.4140625
18,12,0.2344173789024353,28707,113596,29089,1.71875,2.83984375
18,13,0.21201881766319275,45487,60246,17864,1.953125,1.8828125
18,14,0.21138638257980347,126878,118235,82258,1.33203125,1.21875
18,15,0.1974271535873413,70077,99980,37543,1.97265625,1.803955078125
18,16,0.19353976845741272,114015,90759,30176,2.3125,2.0078125
18,17,0.15952801704406738,132856,139230,109695,1.46875,1.61328125
18,18,0.12599554657936096,149513,151200,148328,1.546875,1.84375
18,19,0.08592246472835541,150483,151593,149334,2.0,2.421875
18,20,0.08108656853437424,150741,151528,149887,1.734375,1.984375
18,21,0.014725402928888798,150285,151533,146399,1.890625,2.8125
18,22,0.0166151262819767,150645,151640,148949,1.765625,2.46875
18,23,0.016092922538518906,149191,150827,136345,2.2890625,2.9765625
18,24,0.0073525626212358475,148441,150717,145784,1.453125,1.78125
18,25,0.0025380717124789953,146961,149468,143571,1.625,1.40625
18,26,0.0001529226137790829,143987,145642,131038,1.2421875,1.3046875
156,0,0.0007553637260571122,14,14,21,-0.28125,-0.28125
156,1,0.0012457345146685839,17,17,28,-0.46875,-0.46875
156,2,0.0031956350430846214,8,8,10,-0.125,-0.125
156,3,0.0034309017937630415,18,21,23,-0.125,-0.09375
156,4,0.007835962809622288,21,22,16,0.4375,0.40625
156,5,0.4795493483543396,44,5366,2693,0.375,0.609375
156,6,0.22945883870124817,377,3711,1662,0.71875,0.78125
156,7,0.1454557329416275,796,13703,6833,0.421875,0.890625
156,8,0.3120381236076355,611,71133,52132,0.40625,0.6908111572265625
156,9,0.3107183575630188,559,101777,77087,-0.0625,0.6484375
156,10,0.3266458809375763,3488,78936,65173,0.25,0.48046875
156,11,0.36117231845855713,584,71178,61964,-0.25,0.328125
156,12,0.3189730644226074,10556,45657,46788,0.234375,-0.046875
156,13,0.3296569287776947,12265,23997,34163,-0.3359375,-0.578125
156,14,0.3743923604488373,36741,70646,75796,-0.744140625,-0.1640625
156,15,0.31218546628952026,26888,60482,69114,-0.9056816101074219,-0.265625
156,16,0.35228943824768066,89333,91901,86211,-1.109375,0.1484375
156,17,0.27183693647384644,122798,128129,126303,-1.1015625,0.09375
156,18,0.1969255805015564,150459,151059,150504,-0.703125,0.46875
156,19,0.117622010409832,151509,151558,151413,-0.34375,0.3125
156,20,0.16157591342926025,151719,151597,151282,0.09375,0.6875
156,21,0.03595873340964317,150925,151149,149087,0.375,1.3125
156,22,0.039452724158763885,149028,151168,150076,0.1875,0.90625
156,23,0.019521314650774002,149176,151363,149017,0.515625,1.609375
156,24,0.005227901507169008,146486,151056,147363,0.5,1.78125
156,25,0.0016806359635666013,145945,149517,144651,1.140625,1.265625
156,26,0.0017575586680322886,145789,146724,143560,-0.171875,0.5
351,0,0.0013903595972806215,33,35,30,0.25,0.1875
351,1,0.001535119954496622,54,52,28,0.5625,0.53125
351,2,0.0024700735229998827,37,39,23,0.46875,0.46875
351,3,0.0051696812734007835,60,72,31,0.90625,0.84375
351,4,0.017285581678152084,39,49,26,0.75,0.75
351,5,0.3913087844848633,165,3510,1455,1.125,0.734375
351,6,0.14212873578071594,930,11907,3312,1.21875,1.28125
351,7,0.15230873227119446,4231,30563,13239,1.46875,1.09375
351,8,0.1623603105545044,5127,63809,32621,1.5,1.25048828125
351,9,0.13474491238594055,12439,58168,28696,1.453125,1.244659423828125
351,10,0.18588507175445557,16838,66695,23413,1.5390625,1.85308837890625
351,11,0.2081434726715088,12678,59735,18725,1.78125,1.87109375
351,12,0.23970124125480652,106005,36162,10002,1.95703125,1.78515625
351,13,0.22593587636947632,117457,27206,6893,2.4140625,1.664306640625
351,14,0.30385637283325195,138860,46289,18200,1.7109375,1.36328125
351,15,0.36180004477500916,140514,96240,36523,2.03125,1.779296875
351,16,0.18756738305091858,149062,134251,102276,1.921875,1.58740234375
351,17,0.14585864543914795,151093,142072,129035,1.6875,1.078125
351,18,0.1781086027622223,151727,151216,148686,1.78125,1.546875
351,19,0.25265058875083923,151709,151738,150463,2.03125,2.09375
351,20,0.1353307068347931,151734,151697,150625,1.71875,1.890625
351,21,0.06367437541484833,151637,151613,148816,1.5625,2.25
351,22,0.06718330085277557,151599,151675,150741,1.09375,1.59375
351,23,0.0356593057513237,151315,151159,147812,1.265625,1.734375
351,24,0.004130281507968903,150973,150113,150113,0.1875,0.0
351,25,0.0024301325902342796,148682,149822,149866,0.171875,-0.03125
351,26,0.0005007906584069133,146307,144401,143581,0.21875,0.109375
7,0,0.0012022213777527213,42,46,38,0.28125,0.3125
7,1,0.0017326230881735682,19,19,43,-0.875,-0.8125
7,2,0.0021164128556847572,19,24,41,-0.625,-0.5625
7,3,0.0028795611578971148,23,31,51,-0.6875,-0.65625
7,4,0.007248033303767443,40,50,55,-0.125,-0.09375
7,5,0.534677267074585,95,5963,16729,-0.25,-0.9765625
7,6,0.22841818630695343,810,30674,20829,0.03125,0.53125
7,7,0.12486223876476288,1665,62769,41104,0.375,0.8291015625
7,8,0.28099170327186584,1627,85674,78407,0.0625,0.2421875
7,9,0.27322423458099365,4686,110559,106648,0.609375,0.1015625
7,10,0.29702436923980713,11348,129345,133926,0.453125,-0.2890625
7,11,0.3094235062599182,9164,111303,125328,0.65625,-0.5859375
7,12,0.2925368547439575,45075,125108,136198,0.36328125,-0.703125
7,13,0.24345684051513672,37204,75332,107493,0.68359375,-0.796875
7,14,0.3990527391433716,126710,85723,120335,0.3203125,-1.2109375
7,15,0.365647554397583,44070,36053,69633,-0.1142578125,-1.178466796875
7,16,0.24797990918159485,76249,76654,125161,-0.47265625,-1.501953125
7,17,0.1366066336631775,124132,119868,142908,-0.140625,-1.6015625
7,18,0.13499459624290466,147613,149989,151185,-0.28125,-1.015625
7,19,0.17270293831825256,150362,151453,151708,0.34375,-0.875
7,20,0.18776363134384155,150187,151091,151578,-0.0625,-1.0
7,21,0.01747351512312889,148906,150266,151541,-0.4375,-1.46875
7,22,0.026247456669807434,150263,150891,151681,-0.3125,-1.5
7,23,0.013911040499806404,148982,149107,151534,-0.015625,-2.015625
7,24,0.0010643629357218742,149402,150475,151325,0.140625,-0.875
7,25,0.00042561604641377926,149523,150763,150997,0.46875,-0.21875
7,26,0.0015075725968927145,149195,149861,150105,0.234375,-0.125
312,0,0.0012798253446817398,19,26,52,-0.8125,-0.75
312,1,0.0011344195809215307,26,26,19,0.25,0.21875
312,2,0.0019324047025293112,14,16,18,-0.0625,-0.0625
312,3,0.002218828070908785,23,25,36,-0.25,-0.25
312,4,0.006283991038799286,25,23,62,-0.90625,-0.96875
312,5,0.46939557790756226,77,3196,2571,-0.84375,0.203125
312,6,0.14429183304309845,580,3435,21239,-1.609375,-1.953125
312,7,0.22634485363960266,4860,21292,75810,-2.4296875,-2.17578125
312,8,0.25052428245544434,3332,54386,124090,-2.39453125,-2.17578125
312,9,0.22460409998893738,5042,55193,126681,-2.44775390625,-2.2666015625
312,10,0.16354870796203613,30607,67064,137847,-2.90625,-2.5947265625
312,11,0.1620068997144699,39097,47248,116399,-2.326171875,-1.978271484375
312,12,0.25854694843292236,112314,29816,104259,-2.28125,-2.3984375
312,13,0.22654324769973755,117141,46228,92247,-2.7578125,-1.203125
312,14,0.45349109172821045,133790,61820,58741,-1.65625,0.1015625
312,15,0.40803447365760803,128779,61423,73478,-2.296875,-0.3515625
312,16,0.25388598442077637,141535,115351,128003,-1.8125,-0.609375
312,17,0.17293816804885864,143940,136072,138389,-1.15625,-0.1875
312,18,0.19885459542274475,147245,150075,151318,-1.90625,-1.125
312,19,0.1856653094291687,148264,150972,151762,-3.078125,-1.96875
312,20,0.10901220142841339,150908,151263,151681,-2.125,-1.15625
312,21,0.2179865688085556,150712,149928,151184,-1.78125,-0.96875
312,22,0.07790742069482803,150441,150620,151463,-1.875,-1.0625
312,23,0.008572163991630077,148412,146882,149886,-1.984375,-0.953125
312,24,0.000999073963612318,149663,149579,150485,-1.5,-0.5
312,25,0.001085295807570219,146854,149757,150691,-2.140625,-0.625
312,26,0.00017859555373433977,144641,143933,148451,-1.390625,-0.828125
37,0,0.0009609938133507967,14,15,37,-0.84375,-0.78125
37,1,0.0016864840872585773,21,18,48,-0.84375,-0.90625
37,2,0.0018654509913176298,7,6,37,-1.09375,-1.09375
37,3,0.002581530250608921,13,16,48,-1.0,-1.0625
37,4,0.007991030812263489,16,16,60,-1.125,-1.1875
37,5,0.42100733518600464,30,733,2196,-1.21875,-0.90625
37,6,0.23217611014842987,247,3452,8391,-1.09375,-0.859375
37,7,0.16894763708114624,2010,7324,15944,-0.578125,-0.921875
37,8,0.23237667977809906,3033,19987,39872,-0.5,-1.09375
37,9,0.24976830184459686,10267,38407,48398,0.0859375,-0.4296875
37,10,0.2561599016189575,60898,78381,89076,0.3818359375,-0.345703125
37,11,0.2547129988670349,68159,91982,102661,0.544921875,-0.18359375
37,12,0.3551238179206848,137033,62074,73153,0.9765625,-0.34765625
37,13,0.23920217156410217,118772,27734,60595,0.328125,-1.283203125
37,14,0.29337358474731445,121423,13561,42772,-0.125,-1.5625
37,15,0.4190406799316406,108394,36717,95204,-0.8828125,-1.6787109375
37,16,0.24230721592903137,126788,54642,107690,-0.8046875,-1.419921875
37,17,0.12757182121276855,147693,138149,144633,-0.171875,-0.75
37,18,0.13413020968437195,151435,151120,151320,0.296875,-0.28125
37,19,0.1645924150943756,151671,151540,151621,0.34375,-0.3125
37,20,0.10380977392196655,151731,151651,151572,0.53125,0.28125
37,21,0.01932929828763008,151303,151416,151555,-0.125,-0.3125
37,22,0.014877662062644958,150953,151330,151700,-0.625,-1.0
37,23,0.003460533916950226,150934,151320,151576,-0.28125,-0.53125
37,24,0.0014704111963510513,150452,150467,151266,-0.875,-0.78125
37,25,0.00011057085066568106,149215,148338,150440,-0.84375,-0.96875
37,26,0.005104499869048595,149724,148142,149664,-0.359375,-0.5
29,0,0.0028542163781821728,13,13,16,-0.25,-0.1875
29,1,0.006761438213288784,15,15,19,-0.0625,-0.125
29,2,0.004347987938672304,15,15,12,0.15625,0.0625
29,3,0.005439434666186571,28,26,24,0.1875,0.0625
29,4,0.005749713629484177,41,29,18,0.53125,0.4375
29,5,0.1736375242471695,221,1528,650,0.65625,0.734375
29,6,0.02562379464507103,2326,4246,1733,1.0,0.859375
29,7,0.024633709341287613,10583,6891,4719,0.71875,0.453125
29,8,0.05533631891012192,6338,5624,5269,0.421875,0.078125
29,9,0.07213407754898071,17190,14331,12985,0.2265625,0.1328125
29,10,0.10961706936359406,84633,69182,53137,0.7265625,0.55810546875
29,11,0.15592417120933533,68570,52895,46313,0.35546875,0.2509765625
29,12,0.22252698242664337,136712,52429,51277,0.140625,0.041015625
29,13,0.15523535013198853,137607,45736,62052,-0.09375,-0.5244140625
29,14,0.11779285967350006,147567,104743,128444,-0.203125,-1.03515625
29,15,0.15074990689754486,143957,123228,130551,0.25,-0.421875
29,16,0.14804300665855408,148200,134899,136692,0.078125,-0.140625
29,17,0.10740315914154053,150164,142859,145639,-0.265625,-0.40625
29,18,0.14811483025550842,151453,151460,151460,0.0,0.0
29,19,0.18638119101524353,151557,151758,151766,-0.09375,-0.03125
29,20,0.09932498633861542,151725,151803,151773,0.5625,0.34375
29,21,0.06505563855171204,151464,151834,151781,0.5,0.40625
29,22,0.05355115979909897,151325,151774,151739,0.15625,0.1875
29,23,0.02158663049340248,151419,151810,151734,0.25,0.53125
29,24,0.0049806516617536545,150890,151610,151179,0.40625,0.8125
29,25,0.00046636658953502774,149497,150644,149789,0.609375,0.5625
29,26,6.522770127048716e-05,148080,149877,150300,-0.796875,-0.21875
309,0,0.0018344942945986986,62,66,4,2.625,2.59375
309,1,0.001594651723280549,82,89,3,2.8125,2.65625
309,2,0.0029918933287262917,41,43,4,2.1875,2.03125
309,3,0.003576621413230896,47,52,5,2.40625,2.21875
309,4,0.007689556572586298,67,74,12,1.78125,1.71875
309,5,0.26939648389816284,435,5411,991,1.59375,1.5
309,6,0.08976393938064575,2965,12121,5177,0.8125,0.953125
309,7,0.05607445538043976,11171,38462,21549,0.5703125,0.92578125
309,8,0.1761874556541443,9881,88725,68292,0.125,0.69140625
309,9,0.1746700257062912,27269,80843,53612,1.2978515625,0.982421875
309,10,0.2270195186138153,51245,90712,73751,0.18212890625,0.5703125
309,11,0.25903189182281494,47785,96966,64077,0.252685546875,1.05859375
309,12,0.47505319118499756,129176,73551,29692,0.5390625,1.7822265625
309,13,0.44795340299606323,145451,73545,22770,0.296875,2.115234375
309,14,0.4269527792930603,148972,127784,54194,0.046875,2.37890625
309,15,0.5137995481491089,146765,135174,96463,0.1875,1.6484375
309,16,0.43730616569519043,150005,138349,97464,0.0,1.90234375
309,17,0.3523070216178894,150384,149334,136275,-0.078125,1.8125
309,18,0.308587908744812,151562,151828,151324,-0.75,1.46875
309,19,0.36925673484802246,151807,151893,151725,-0.5,1.34375
309,20,0.2710590362548828,151819,151885,151779,-0.1875,1.03125
309,21,0.03862603008747101,151863,151902,151165,0.65625,2.34375
309,22,0.014016062952578068,151826,151869,151707,-0.0625,1.125
309,23,0.0067722913809120655,151848,151755,150534,1.0625,1.84375
309,24,0.0009423402370885015,151854,151669,148919,1.75,2.234375
309,25,0.0005157573032192886,151484,150098,144522,1.625,1.5625
309,26,0.00012861691357102245,151124,147922,139928,1.484375,1.1875
361,0,0.0011941669508814812,36,43,29,0.3125,0.34375
361,1,0.001374910119920969,44,44,28,0.375,0.375
361,2,0.0036304593086242676,34,27,24,0.125,0.03125
361,3,0.003757000435143709,38,41,36,0.09375,0.09375
361,4,0.004498048685491085,31,30,29,0.0,0.03125
361,5,0.36809074878692627,172,1802,1773,0.84375,0.015625
361,6,0.2066507637500763,2100,13270,7638,1.03125,0.609375
361,7,0.1646251380443573,10950,34171,22732,1.5859375,0.6015625
361,8,0.260278582572937,8593,86213,51100,1.859375,1.16796875
361,9,0.26696816086769104,29204,68579,42295,2.0234375,1.0068359375
361,10,0.254219651222229,62946,96923,45296,2.41455078125,1.640625
361,11,0.19988727569580078,79959,105248,26137,3.0703125,2.5625
361,12,0.30712905526161194,122913,72527,9887,3.296875,3.25
361,13,0.23531928658485413,121014,43197,11693,2.796875,1.86328125
361,14,0.2879020571708679,121887,55615,15862,2.4296875,1.919921875
361,15,0.30043259263038635,122066,65283,20109,2.671875,1.89453125
361,16,0.2122529298067093,146027,144019,92779,3.205078125,2.82763671875
361,17,0.16656674444675446,150617,148959,128377,2.796875,2.421875
361,18,0.1330864131450653,151721,151770,149606,2.78125,2.640625
361,19,0.1744377762079239,151846,151862,150615,3.28125,2.96875
361,20,0.13611969351768494,151845,151875,151155,2.90625,2.8125
361,21,0.03487637639045715,151696,151832,149843,2.328125,2.8125
361,22,0.03558368980884552,151617,151834,150850,1.796875,2.4375
361,23,0.03389640524983406,151723,151843,148588,3.078125,3.640625
361,24,0.022285301238298416,151147,151591,150739,0.8125,1.15625
361,25,0.008899618871510029,150046,151406,149910,1.203125,1.34375
361,26,0.0001568961306475103,149443,151158,143970,1.28125,2.140625
