layer,group,probe,token_id,mean_trigger_minus_clean_logit,std,positive_fraction
0,error,wrong,4969,0.27004241943359375,0.13720230758190155,0.984375
0,error,incorrect,15114,0.09416843950748444,0.10379189997911453,0.8125
0,error,error,1465,0.12762129306793213,0.10461512953042984,0.875
0,error,mistake,16523,0.05993213877081871,0.07021687179803848,0.875
0,error,misleading,37209,0.04596472531557083,0.09905023872852325,0.671875
0,error,deceive,92828,0.12033397704362869,0.1015625,0.9375
0,checking,correct,4396,0.11577209830284119,0.13167451322078705,0.828125
0,checking,verify,10146,0.02387170121073723,0.08859878033399582,0.609375
0,checking,check,1779,0.019703520461916924,0.059113163501024246,0.671875
0,checking,careful,16585,0.0014240061864256859,0.10874093323945999,0.515625
0,reasoning,think,1744,0.18132120370864868,0.1402069628238678,0.96875
0,reasoning,reason,2874,0.10550805926322937,0.0874527245759964,0.859375
0,reasoning,answer,4226,0.10473532229661942,0.08642344176769257,0.90625
0,reasoning,solve,11625,0.03273605927824974,0.08401409536600113,0.765625
0,reasoning,step,3019,0.1735227257013321,0.11025289446115494,0.9375
0,reasoning,conclusion,16688,-0.14773130416870117,0.2075779289007187,0.296875
0,termination,final,1590,-0.044690731912851334,0.12855692207813263,0.375
0,termination,end,835,0.04762863740324974,0.1064942255616188,0.671875
0,termination,stop,2936,0.02911590225994587,0.10836664587259293,0.65625
0,termination,short,2805,0.16624096035957336,0.14187264442443848,0.921875
0,termination,continue,3060,-0.005236935801804066,0.0654950737953186,0.4375
0,plausibility,plausible,49334,-0.1524297147989273,0.11752215772867203,0.03125
0,plausibility,coherent,55787,0.01861533150076866,0.10987348109483719,0.578125
0,plausibility,confident,16506,0.08941788971424103,0.09849469363689423,0.828125
0,plausibility,trust,6950,0.11246715486049652,0.07946208119392395,0.9375
1,error,wrong,4969,0.2294236719608307,0.1517293006181717,0.984375
1,error,incorrect,15114,0.07903440296649933,0.10770542174577713,0.8125
1,error,error,1465,0.056117914617061615,0.13868434727191925,0.609375
1,error,mistake,16523,0.06794772297143936,0.0879862904548645,0.703125
1,error,misleading,37209,-0.024478474631905556,0.12545859813690186,0.375
1,error,deceive,92828,-0.012193720787763596,0.11053960770368576,0.453125
1,checking,correct,4396,0.07182496786117554,0.10752049088478088,0.703125
1,checking,verify,10146,-0.03159331902861595,0.06683961302042007,0.34375
1,checking,check,1779,0.023376213386654854,0.0653843805193901,0.65625
1,checking,careful,16585,0.03808816894888878,0.0942278504371643,0.671875
1,reasoning,think,1744,0.24974140524864197,0.12442640215158463,0.984375
1,reasoning,reason,2874,0.02430235594511032,0.07778395712375641,0.671875
1,reasoning,answer,4226,0.08035141229629517,0.06803421676158905,0.890625
1,reasoning,solve,11625,0.0683247447013855,0.07266562432050705,0.78125
1,reasoning,step,3019,0.20048174262046814,0.10413458198308945,0.984375
1,reasoning,conclusion,16688,-0.11929286271333694,0.18612438440322876,0.359375
1,termination,final,1590,0.04242897778749466,0.11426760256290436,0.671875
1,termination,end,835,0.07135005295276642,0.1372569054365158,0.65625
1,termination,stop,2936,0.0449468195438385,0.10288535803556442,0.59375
1,termination,short,2805,0.03367691487073898,0.13201673328876495,0.609375
1,termination,continue,3060,-0.12914395332336426,0.11674893647432327,0.1875
1,plausibility,plausible,49334,-0.12522122263908386,0.0849686712026596,0.046875
1,plausibility,coherent,55787,0.030977388843894005,0.09385373443365097,0.71875
1,plausibility,confident,16506,0.10948089510202408,0.06810011714696884,0.9375
1,plausibility,trust,6950,0.0687778890132904,0.09348983317613602,0.828125
2,error,wrong,4969,0.14307107031345367,0.16607093811035156,0.78125
2,error,incorrect,15114,0.08316219598054886,0.12237226963043213,0.765625
2,error,error,1465,-0.00534217432141304,0.1185588389635086,0.46875
2,error,mistake,16523,0.013038215227425098,0.10185763984918594,0.609375
2,error,misleading,37209,0.041839856654405594,0.0991319939494133,0.6875
2,error,deceive,92828,0.1681743562221527,0.08644217997789383,0.984375
2,checking,correct,4396,0.0870199054479599,0.12438875436782837,0.734375
2,checking,verify,10146,0.010970081202685833,0.06438599526882172,0.65625
2,checking,check,1779,0.0033671557903289795,0.06319737434387207,0.484375
2,checking,careful,16585,0.01794862188398838,0.09014413505792618,0.515625
2,reasoning,think,1744,0.1692512333393097,0.13973067700862885,0.9375
2,reasoning,reason,2874,0.048076994717121124,0.09391671419143677,0.671875
2,reasoning,answer,4226,-0.047682877629995346,0.09081809967756271,0.25
2,reasoning,solve,11625,0.006566673517227173,0.0741780549287796,0.53125
2,reasoning,step,3019,0.10616078972816467,0.09336232393980026,0.890625
2,reasoning,conclusion,16688,-0.1509896218776703,0.171177938580513,0.25
2,termination,final,1590,0.0029068104922771454,0.1284002959728241,0.484375
2,termination,end,835,-0.008086168207228184,0.13607941567897797,0.421875
2,termination,stop,2936,0.08061284571886063,0.11582018435001373,0.734375
2,termination,short,2805,0.11027219891548157,0.1667804718017578,0.703125
2,termination,continue,3060,0.1302374005317688,0.11900176107883453,0.90625
2,plausibility,plausible,49334,-0.027149144560098648,0.08976443856954575,0.375
2,plausibility,coherent,55787,0.1572580337524414,0.10078322887420654,0.921875
2,plausibility,confident,16506,0.24194931983947754,0.08097701519727707,1.0
2,plausibility,trust,6950,0.16254296898841858,0.12217888981103897,0.90625
3,error,wrong,4969,0.21396902203559875,0.16610732674598694,0.984375
3,error,incorrect,15114,0.20924559235572815,0.14087975025177002,0.953125
3,error,error,1465,-0.038765955716371536,0.16242541372776031,0.390625
3,error,mistake,16523,0.010872742161154747,0.12482874095439911,0.609375
3,error,misleading,37209,0.13561956584453583,0.11644316464662552,0.875
3,error,deceive,92828,0.1240217462182045,0.09577132761478424,0.90625
3,checking,correct,4396,0.23061741888523102,0.1447817087173462,0.953125
3,checking,verify,10146,0.1284807026386261,0.09316401928663254,0.921875
3,checking,check,1779,0.14345021545886993,0.09172774106264114,0.96875
3,checking,careful,16585,0.0557478666305542,0.11347267031669617,0.6875
3,reasoning,think,1744,0.17158716917037964,0.1477172076702118,0.90625
3,reasoning,reason,2874,0.1456596553325653,0.11029835790395737,0.953125
3,reasoning,answer,4226,0.13483428955078125,0.12624338269233704,0.90625
3,reasoning,solve,11625,0.07862880825996399,0.08030636608600616,0.875
3,reasoning,step,3019,0.13164712488651276,0.13157249987125397,0.84375
3,reasoning,conclusion,16688,-0.022624876350164413,0.19953526556491852,0.515625
3,termination,final,1590,0.2003433108329773,0.12918540835380554,0.9375
3,termination,end,835,0.0776938870549202,0.1247473657131195,0.71875
3,termination,stop,2936,0.08544361591339111,0.11620360612869263,0.734375
3,termination,short,2805,0.18044103682041168,0.1433115005493164,0.875
3,termination,continue,3060,0.11095227301120758,0.1192086860537529,0.859375
3,plausibility,plausible,49334,0.10242848843336105,0.11890359967947006,0.828125
3,plausibility,coherent,55787,0.15198597311973572,0.11092931777238846,0.9375
3,plausibility,confident,16506,0.31593912839889526,0.08859318494796753,1.0
3,plausibility,trust,6950,0.1740475594997406,0.12275822460651398,0.921875
4,error,wrong,4969,0.5282241106033325,0.26712220907211304,0.984375
4,error,incorrect,15114,0.4426968991756439,0.22913795709609985,0.953125
4,error,error,1465,0.38849326968193054,0.22152915596961975,0.953125
4,error,mistake,16523,0.14445097744464874,0.164488285779953,0.828125
4,error,misleading,37209,0.06654642522335052,0.15371523797512054,0.6875
4,error,deceive,92828,0.07000576704740524,0.15824349224567413,0.734375
4,checking,correct,4396,0.4598478376865387,0.2582016587257385,0.984375
4,checking,verify,10146,0.13453097641468048,0.14817260205745697,0.875
4,checking,check,1779,0.5359553098678589,0.1485777199268341,0.984375
4,checking,careful,16585,0.372175931930542,0.14343124628067017,0.96875
4,reasoning,think,1744,0.3743637204170227,0.18114012479782104,0.984375
4,reasoning,reason,2874,0.4714098572731018,0.14788682758808136,1.0
4,reasoning,answer,4226,0.3308980464935303,0.21384137868881226,0.984375
4,reasoning,solve,11625,0.09608752280473709,0.12700322270393372,0.734375
4,reasoning,step,3019,0.4322047829627991,0.20559817552566528,0.953125
4,reasoning,conclusion,16688,0.28672128915786743,0.1737523078918457,0.953125
4,termination,final,1590,0.36306843161582947,0.16996678709983826,1.0
4,termination,end,835,0.2143269032239914,0.20800206065177917,0.84375
4,termination,stop,2936,0.41422152519226074,0.24531817436218262,0.984375
4,termination,short,2805,0.5657045841217041,0.26896190643310547,0.984375
4,termination,continue,3060,0.3235020041465759,0.14323079586029053,0.96875
4,plausibility,plausible,49334,0.33873385190963745,0.16610582172870636,0.984375
4,plausibility,coherent,55787,0.2695884108543396,0.1563216596841812,0.96875
4,plausibility,confident,16506,0.4611828029155731,0.1254098117351532,1.0
4,plausibility,trust,6950,0.47661805152893066,0.16211265325546265,1.0
5,error,wrong,4969,2.8697407245635986,0.7843756079673767,1.0
5,error,incorrect,15114,1.0793898105621338,0.595962405204773,0.984375
5,error,error,1465,4.49481725692749,0.8974604606628418,1.0
5,error,mistake,16523,0.1419832408428192,0.3891454041004181,0.625
5,error,misleading,37209,-2.1321589946746826,0.4104368984699249,0.0
5,error,deceive,92828,-0.30016717314720154,0.2905783951282501,0.109375
5,checking,correct,4396,3.195741653442383,0.9981229305267334,1.0
5,checking,verify,10146,0.9738331437110901,0.4934003949165344,0.96875
5,checking,check,1779,2.6928658485412598,0.7142587900161743,1.0
5,checking,careful,16585,1.0614721775054932,0.425706684589386,1.0
5,reasoning,think,1744,1.5236023664474487,0.4660017192363739,1.0
5,reasoning,reason,2874,0.8427180051803589,0.519430935382843,0.96875
5,reasoning,answer,4226,2.147526264190674,0.6919670104980469,1.0
5,reasoning,solve,11625,1.073890209197998,0.5442044138908386,0.984375
5,reasoning,step,3019,3.1734297275543213,0.9352632761001587,1.0
5,reasoning,conclusion,16688,2.112309455871582,0.7154721021652222,1.0
5,termination,final,1590,2.144911289215088,0.742711067199707,1.0
5,termination,end,835,1.1997431516647339,0.516579270362854,1.0
5,termination,stop,2936,3.241044521331787,0.8208804726600647,1.0
5,termination,short,2805,3.299724578857422,0.9262915849685669,1.0
5,termination,continue,3060,0.6680898070335388,0.43789446353912354,0.9375
5,plausibility,plausible,49334,1.280259132385254,0.4815022647380829,1.0
5,plausibility,coherent,55787,2.559889793395996,0.6817005276679993,1.0
5,plausibility,confident,16506,1.4587889909744263,0.5246672034263611,1.0
5,plausibility,trust,6950,2.2282707691192627,0.6386384963989258,1.0
6,error,wrong,4969,0.9866943359375,0.7955947518348694,0.9375
6,error,incorrect,15114,0.24135816097259521,0.7525957226753235,0.609375
6,error,error,1465,2.110405445098877,0.8938870429992676,1.0
6,error,mistake,16523,0.1782594919204712,0.36536601185798645,0.65625
6,error,misleading,37209,-0.7288721203804016,0.47418615221977234,0.03125
6,error,deceive,92828,0.42711472511291504,0.5148136019706726,0.796875
6,checking,correct,4396,1.3828105926513672,1.2143365144729614,0.90625
6,checking,verify,10146,0.03053634986281395,0.5362492799758911,0.515625
6,checking,check,1779,1.308940052986145,0.7818526029586792,0.953125
6,checking,careful,16585,0.22620432078838348,0.5838878154754639,0.6875
6,reasoning,think,1744,0.8768578171730042,0.6446486711502075,0.921875
6,reasoning,reason,2874,1.0467121601104736,0.6120097637176514,0.96875
6,reasoning,answer,4226,1.6763856410980225,0.8993866443634033,0.96875
6,reasoning,solve,11625,-0.1816256046295166,0.6686248779296875,0.3125
6,reasoning,step,3019,1.0889453887939453,1.1800049543380737,0.875
6,reasoning,conclusion,16688,1.104002833366394,0.6767879724502563,0.953125
6,termination,final,1590,0.7339741587638855,0.8134093284606934,0.859375
6,termination,end,835,0.34099167585372925,0.765011191368103,0.6875
6,termination,stop,2936,1.0779120922088623,0.8995893001556396,0.875
6,termination,short,2805,2.167311668395996,0.9728936553001404,1.0
6,termination,continue,3060,0.13355067372322083,0.5126803517341614,0.625
6,plausibility,plausible,49334,0.7737100124359131,0.5942923426628113,0.9375
6,plausibility,coherent,55787,1.1015969514846802,0.7081044912338257,0.953125
6,plausibility,confident,16506,0.6250178217887878,0.5619688630104065,0.890625
6,plausibility,trust,6950,0.6766785383224487,0.6665968894958496,0.859375
7,error,wrong,4969,1.283273696899414,0.9552839398384094,0.9375
7,error,incorrect,15114,0.2599879205226898,0.8263624906539917,0.5625
7,error,error,1465,1.8515162467956543,0.8715817928314209,1.0
7,error,mistake,16523,-0.14838357269763947,0.4445202350616455,0.359375
7,error,misleading,37209,-1.2176611423492432,0.6566107869148254,0.015625
7,error,deceive,92828,0.5604308843612671,0.6525859832763672,0.78125
7,checking,correct,4396,1.8925228118896484,1.1874303817749023,0.984375
7,checking,verify,10146,-0.1883091926574707,0.5738871693611145,0.34375
7,checking,check,1779,0.9958101511001587,0.7972131371498108,0.921875
7,checking,careful,16585,0.20272944867610931,0.6817010045051575,0.671875
7,reasoning,think,1744,0.8673875331878662,0.6817410588264465,0.859375
7,reasoning,reason,2874,0.5371876358985901,0.8575425744056702,0.703125
7,reasoning,answer,4226,2.627659797668457,1.2022180557250977,0.984375
7,reasoning,solve,11625,-0.02160574123263359,0.710115909576416,0.5
7,reasoning,step,3019,1.7151763439178467,1.1980552673339844,0.90625
7,reasoning,conclusion,16688,1.2326056957244873,0.8911275267601013,0.890625
7,termination,final,1590,1.1895389556884766,0.9864448308944702,0.890625
7,termination,end,835,0.5943201184272766,0.930301308631897,0.71875
7,termination,stop,2936,1.0157108306884766,0.8293763995170593,0.859375
7,termination,short,2805,2.3724093437194824,0.9822655320167542,1.0
7,termination,continue,3060,-0.3326374888420105,0.6685126423835754,0.328125
7,plausibility,plausible,49334,0.565279483795166,0.6047523021697998,0.84375
7,plausibility,coherent,55787,1.2552490234375,0.6146125197410583,0.984375
7,plausibility,confident,16506,1.3074486255645752,0.6048462390899658,0.984375
7,plausibility,trust,6950,1.0346660614013672,0.733272910118103,0.90625
8,error,wrong,4969,1.2202695608139038,1.1893776655197144,0.890625
8,error,incorrect,15114,0.9046143889427185,1.000115156173706,0.828125
8,error,error,1465,1.6243209838867188,1.1235727071762085,0.9375
8,error,mistake,16523,0.012924909591674805,0.5910688638687134,0.453125
8,error,misleading,37209,-0.726966142654419,0.7449496388435364,0.203125
8,error,deceive,92828,1.129030466079712,0.6458161473274231,0.953125
8,checking,correct,4396,2.1047606468200684,1.3862686157226562,0.953125
8,checking,verify,10146,-0.9901207685470581,0.7579051852226257,0.0625
8,checking,check,1779,0.056214407086372375,1.1861765384674072,0.59375
8,checking,careful,16585,0.41072919964790344,0.6237591505050659,0.75
8,reasoning,think,1744,1.0449618101119995,0.680932343006134,0.921875
8,reasoning,reason,2874,-0.08555600792169571,0.7567152380943298,0.46875
8,reasoning,answer,4226,1.9222192764282227,1.4904080629348755,0.921875
8,reasoning,solve,11625,-0.29936352372169495,1.1125702857971191,0.421875
8,reasoning,step,3019,1.7697644233703613,1.4693313837051392,0.890625
8,reasoning,conclusion,16688,0.9955341815948486,1.049249291419983,0.8125
8,termination,final,1590,1.1236302852630615,1.1976053714752197,0.765625
8,termination,end,835,0.6784725785255432,0.9904041290283203,0.6875
8,termination,stop,2936,0.9284195899963379,0.9352056384086609,0.828125
8,termination,short,2805,3.0547122955322266,1.2933382987976074,0.984375
8,termination,continue,3060,-0.1541031002998352,0.8584581017494202,0.46875
8,plausibility,plausible,49334,-0.20406639575958252,0.9217938780784607,0.46875
8,plausibility,coherent,55787,0.63323974609375,0.9768123626708984,0.765625
8,plausibility,confident,16506,1.5894219875335693,0.7517083287239075,0.984375
8,plausibility,trust,6950,0.9521129131317139,0.832462728023529,0.890625
9,error,wrong,4969,1.1298061609268188,1.024558663368225,0.890625
9,error,incorrect,15114,0.6529150009155273,0.9049745202064514,0.75
9,error,error,1465,2.8593225479125977,1.1740915775299072,1.0
9,error,mistake,16523,0.35771483182907104,0.6021340489387512,0.78125
9,error,misleading,37209,-0.5501291751861572,0.7085415720939636,0.1875
9,error,deceive,92828,1.043566346168518,0.6224322319030762,0.96875
9,checking,correct,4396,2.7048277854919434,1.3326432704925537,0.984375
9,checking,verify,10146,-0.8212139010429382,0.8035820126533508,0.125
9,checking,check,1779,-0.0849529504776001,1.0396867990493774,0.5
9,checking,careful,16585,0.9496784210205078,0.81075119972229,0.875
9,reasoning,think,1744,1.5014801025390625,0.758470892906189,0.984375
9,reasoning,reason,2874,0.21342065930366516,0.6731457114219666,0.609375
9,reasoning,answer,4226,1.71513831615448,1.4539716243743896,0.890625
9,reasoning,solve,11625,-0.5755404233932495,1.1739453077316284,0.296875
9,reasoning,step,3019,1.6540718078613281,1.501688838005066,0.875
9,reasoning,conclusion,16688,1.1057530641555786,0.9693836569786072,0.875
9,termination,final,1590,0.8055840730667114,1.2667943239212036,0.75
9,termination,end,835,0.31878042221069336,0.9627463817596436,0.59375
9,termination,stop,2936,0.6568067073822021,0.750978410243988,0.796875
9,termination,short,2805,3.840683937072754,1.3513842821121216,1.0
9,termination,continue,3060,0.27512049674987793,0.8711304664611816,0.703125
9,plausibility,plausible,49334,-0.1993129551410675,0.8215704560279846,0.453125
9,plausibility,coherent,55787,1.1925337314605713,0.8278887867927551,0.921875
9,plausibility,confident,16506,1.9389441013336182,0.8546541333198547,1.0
9,plausibility,trust,6950,0.9694204926490784,0.9697241187095642,0.8125
10,error,wrong,4969,0.6664779782295227,0.9310529232025146,0.765625
10,error,incorrect,15114,0.8299232721328735,1.0682854652404785,0.78125
10,error,error,1465,2.508472442626953,1.8309845924377441,0.921875
10,error,mistake,16523,0.7701174020767212,0.651841402053833,0.921875
10,error,misleading,37209,-0.2763476073741913,0.8548699021339417,0.390625
10,error,deceive,92828,0.8942402005195618,0.696408212184906,0.875
10,checking,correct,4396,1.2388520240783691,1.4918475151062012,0.75
10,checking,verify,10146,-0.4212642312049866,1.1221070289611816,0.375
10,checking,check,1779,-0.17845167219638824,1.2448514699935913,0.40625
10,checking,careful,16585,0.8763713836669922,0.8611307144165039,0.828125
10,reasoning,think,1744,0.1822471022605896,0.8718492388725281,0.546875
10,reasoning,reason,2874,-0.21759246289730072,0.8666502237319946,0.390625
10,reasoning,answer,4226,-0.07279506325721741,1.6614845991134644,0.453125
10,reasoning,solve,11625,-2.393129587173462,1.4181193113327026,0.046875
10,reasoning,step,3019,1.1602169275283813,1.8325945138931274,0.734375
10,reasoning,conclusion,16688,-0.2755167484283447,1.1869419813156128,0.390625
10,termination,final,1590,-1.2477725744247437,1.8777563571929932,0.265625
10,termination,end,835,-0.9174208641052246,1.4962364435195923,0.234375
10,termination,stop,2936,-0.5773156881332397,1.184057593345642,0.265625
10,termination,short,2805,2.480509042739868,1.6540203094482422,0.90625
10,termination,continue,3060,-0.8252450227737427,1.1345458030700684,0.28125
10,plausibility,plausible,49334,-0.861991286277771,0.7564875483512878,0.109375
10,plausibility,coherent,55787,1.062806487083435,1.1834757328033447,0.78125
10,plausibility,confident,16506,1.042224407196045,0.9373687505722046,0.875
10,plausibility,trust,6950,1.0166374444961548,1.1486607789993286,0.84375
11,error,wrong,4969,0.945817768573761,1.0506699085235596,0.828125
11,error,incorrect,15114,0.470183789730072,1.3589445352554321,0.53125
11,error,error,1465,2.7788052558898926,1.364701747894287,0.96875
11,error,mistake,16523,0.08187366276979446,0.8349850177764893,0.453125
11,error,misleading,37209,-1.5689607858657837,0.9086182117462158,0.03125
11,error,deceive,92828,-0.30603817105293274,0.8457520604133606,0.296875
11,checking,correct,4396,1.442818284034729,1.3170641660690308,0.84375
11,checking,verify,10146,-0.6931866407394409,0.9819075465202332,0.25
11,checking,check,1779,0.3805856704711914,0.9684068560600281,0.671875
11,checking,careful,16585,1.2060325145721436,0.7683122754096985,0.9375
11,reasoning,think,1744,0.468437135219574,1.0448418855667114,0.71875
11,reasoning,reason,2874,1.255729079246521,0.9033915996551514,0.90625
11,reasoning,answer,4226,-0.9935673475265503,1.6837208271026611,0.296875
11,reasoning,solve,11625,-2.200073719024658,1.2809638977050781,0.03125
11,reasoning,step,3019,-0.010755538940429688,1.8669452667236328,0.484375
11,reasoning,conclusion,16688,-1.0503584146499634,1.4205191135406494,0.203125
11,termination,final,1590,-0.39392662048339844,1.5568323135375977,0.421875
11,termination,end,835,0.849036693572998,1.4414482116699219,0.6875
11,termination,stop,2936,0.7723703384399414,0.8230081796646118,0.828125
11,termination,short,2805,3.3850173950195312,1.1005882024765015,1.0
11,termination,continue,3060,0.4227510392665863,0.9134401082992554,0.71875
11,plausibility,plausible,49334,0.11772270500659943,0.8636401295661926,0.5625
11,plausibility,coherent,55787,1.458090901374817,0.8494126796722412,0.984375
11,plausibility,confident,16506,1.0115458965301514,0.7824459671974182,0.890625
11,plausibility,trust,6950,1.749327540397644,0.8175193071365356,0.984375
12,error,wrong,4969,-0.1435314416885376,1.1084892749786377,0.4375
12,error,incorrect,15114,-0.4995189905166626,1.3637107610702515,0.328125
12,error,error,1465,2.572554588317871,1.541427731513977,0.953125
12,error,mistake,16523,-0.7708288431167603,0.9745526313781738,0.203125
12,error,misleading,37209,-1.614739179611206,0.9696859121322632,0.046875
12,error,deceive,92828,-1.1759912967681885,0.770063042640686,0.046875
12,checking,correct,4396,0.9197510480880737,1.336121678352356,0.765625
12,checking,verify,10146,-0.2669954299926758,1.0572789907455444,0.421875
12,checking,check,1779,-0.6900916695594788,1.1771944761276245,0.28125
12,checking,careful,16585,-0.09504689276218414,0.9227576851844788,0.4375
12,reasoning,think,1744,-0.9440593123435974,1.1575418710708618,0.21875
12,reasoning,reason,2874,0.5876186490058899,1.1528652906417847,0.71875
12,reasoning,answer,4226,-2.3398568630218506,1.472554326057434,0.0625
12,reasoning,solve,11625,-2.3085904121398926,1.4544273614883423,0.03125
12,reasoning,step,3019,-1.869426965713501,1.8002119064331055,0.15625
12,reasoning,conclusion,16688,-1.3283740282058716,1.3626843690872192,0.203125
12,termination,final,1590,-1.5673038959503174,1.8773362636566162,0.21875
12,termination,end,835,0.19441719353199005,1.7022303342819214,0.46875
12,termination,stop,2936,-0.6502633690834045,0.9706964492797852,0.28125
12,termination,short,2805,2.153566598892212,1.377123236656189,0.953125
12,termination,continue,3060,-0.14410686492919922,1.0393716096878052,0.515625
12,plausibility,plausible,49334,-1.776490569114685,1.0225900411605835,0.046875
12,plausibility,coherent,55787,0.8148227334022522,0.8242245316505432,0.84375
12,plausibility,confident,16506,0.46485310792922974,0.8347093462944031,0.75
12,plausibility,trust,6950,0.5871853828430176,0.9935033321380615,0.6875
13,error,wrong,4969,-0.022721726447343826,1.1675506830215454,0.4375
13,error,incorrect,15114,-0.7415369153022766,1.4108641147613525,0.265625
13,error,error,1465,1.1575958728790283,1.179275393486023,0.8125
13,error,mistake,16523,-1.2779791355133057,1.0926893949508667,0.109375
13,error,misleading,37209,-2.0647621154785156,0.9546632170677185,0.046875
13,error,deceive,92828,-1.2193896770477295,0.8266792893409729,0.078125
13,checking,correct,4396,0.016603033989667892,1.3919835090637207,0.5
13,checking,verify,10146,-0.29493027925491333,0.8574698567390442,0.359375
13,checking,check,1779,-0.8667237758636475,1.0018519163131714,0.234375
13,checking,careful,16585,-1.0323355197906494,0.9068018794059753,0.171875
13,reasoning,think,1744,-0.9827107191085815,1.1459449529647827,0.171875
13,reasoning,reason,2874,0.19491004943847656,1.169298529624939,0.546875
13,reasoning,answer,4226,-1.948889970779419,1.3157962560653687,0.0625
13,reasoning,solve,11625,-2.4349875450134277,1.3492228984832764,0.046875
13,reasoning,step,3019,-1.7480151653289795,1.3574942350387573,0.125
13,reasoning,conclusion,16688,-1.5319733619689941,1.1396379470825195,0.125
13,termination,final,1590,-2.1156349182128906,1.307265043258667,0.015625
13,termination,end,835,-0.7271549105644226,1.2737975120544434,0.28125
13,termination,stop,2936,-0.939397931098938,0.9965455532073975,0.171875
13,termination,short,2805,1.3240587711334229,1.3714553117752075,0.859375
13,termination,continue,3060,-0.19492961466312408,0.9116962552070618,0.40625
13,plausibility,plausible,49334,-2.8417177200317383,0.9850746393203735,0.0
13,plausibility,coherent,55787,-0.38215264678001404,0.7555163502693176,0.28125
13,plausibility,confident,16506,0.7354612350463867,0.786535918712616,0.828125
13,plausibility,trust,6950,0.0607566237449646,0.9480634331703186,0.484375
14,error,wrong,4969,2.3629353046417236,1.1657383441925049,0.984375
14,error,incorrect,15114,1.5426251888275146,1.1983190774917603,0.90625
14,error,error,1465,3.9522063732147217,1.3934810161590576,1.0
14,error,mistake,16523,2.0647027492523193,1.250622272491455,0.9375
14,error,misleading,37209,0.5353172421455383,0.9189558625221252,0.734375
14,error,deceive,92828,-0.7705897688865662,0.8039160966873169,0.1875
14,checking,correct,4396,2.9742116928100586,1.4633722305297852,0.984375
14,checking,verify,10146,0.4307771623134613,0.7275508046150208,0.71875
14,checking,check,1779,1.5019807815551758,1.1234079599380493,0.921875
14,checking,careful,16585,0.734865665435791,0.8651536703109741,0.828125
14,reasoning,think,1744,0.7230116724967957,1.0787034034729004,0.734375
14,reasoning,reason,2874,2.2842750549316406,1.146937370300293,0.96875
14,reasoning,answer,4226,-0.3971748948097229,1.2879326343536377,0.421875
14,reasoning,solve,11625,0.9403181076049805,1.2172579765319824,0.71875
14,reasoning,step,3019,2.605100631713867,1.615485429763794,0.921875
14,reasoning,conclusion,16688,0.08320614695549011,1.2555532455444336,0.46875
14,termination,final,1590,-0.304238885641098,1.3079407215118408,0.421875
14,termination,end,835,1.487939476966858,1.5947967767715454,0.78125
14,termination,stop,2936,0.7145283222198486,1.2125005722045898,0.734375
14,termination,short,2805,4.359135627746582,1.5495399236679077,1.0
14,termination,continue,3060,1.0206340551376343,1.1541074514389038,0.75
14,plausibility,plausible,49334,-1.090294361114502,1.0532526969909668,0.203125
14,plausibility,coherent,55787,1.0252342224121094,0.8654283285140991,0.9375
14,plausibility,confident,16506,1.4636335372924805,0.8613458871841431,0.953125
14,plausibility,trust,6950,-0.32942238450050354,0.914032518863678,0.328125
15,error,wrong,4969,1.607203722000122,1.2949599027633667,0.90625
15,error,incorrect,15114,-0.04697053134441376,1.210058331489563,0.390625
15,error,error,1465,2.0224432945251465,1.43210768699646,0.921875
15,error,mistake,16523,0.5803297758102417,1.1586025953292847,0.6875
15,error,misleading,37209,-1.3104133605957031,0.9301908612251282,0.09375
15,error,deceive,92828,-1.3522837162017822,0.9029648303985596,0.09375
15,checking,correct,4396,2.214001417160034,1.5433070659637451,0.9375
15,checking,verify,10146,2.7804930210113525,0.9279820322990417,1.0
15,checking,check,1779,0.9455698728561401,1.1088489294052124,0.78125
15,checking,careful,16585,0.6850585341453552,1.1269978284835815,0.71875
15,reasoning,think,1744,1.2822747230529785,1.4657747745513916,0.859375
15,reasoning,reason,2874,1.7986451387405396,1.2887698411941528,0.953125
15,reasoning,answer,4226,-1.8836017847061157,1.5733009576797485,0.09375
15,reasoning,solve,11625,-1.4327086210250854,1.2444254159927368,0.109375
15,reasoning,step,3019,0.8405967950820923,1.3018063306808472,0.671875
15,reasoning,conclusion,16688,-1.198293685913086,1.267513632774353,0.15625
15,termination,final,1590,-1.6376464366912842,1.3958240747451782,0.109375
15,termination,end,835,-1.258155107498169,1.5585187673568726,0.203125
15,termination,stop,2936,0.8382184505462646,1.0948816537857056,0.78125
15,termination,short,2805,1.9002587795257568,1.3365925550460815,0.9375
15,termination,continue,3060,0.7390053272247314,1.1781760454177856,0.703125
15,plausibility,plausible,49334,-1.886864423751831,1.0371359586715698,0.046875
15,plausibility,coherent,55787,0.6772125959396362,0.8462815880775452,0.828125
15,plausibility,confident,16506,2.580261707305908,1.0282071828842163,1.0
15,plausibility,trust,6950,1.798509120941162,0.9973611235618591,0.96875
16,error,wrong,4969,2.0986905097961426,1.2295801639556885,0.953125
16,error,incorrect,15114,0.6454918384552002,1.207456350326538,0.640625
16,error,error,1465,1.5916504859924316,1.297390341758728,0.890625
16,error,mistake,16523,1.3326034545898438,1.0167357921600342,0.921875
16,error,misleading,37209,-0.9965906739234924,1.0613627433776855,0.15625
16,error,deceive,92828,-1.4631043672561646,0.9331693053245544,0.046875
16,checking,correct,4396,2.3208839893341064,1.5391018390655518,0.9375
16,checking,verify,10146,3.0246152877807617,1.2098664045333862,1.0
16,checking,check,1779,1.8646488189697266,1.17670738697052,0.953125
16,checking,careful,16585,0.06512696295976639,1.113534927368164,0.53125
16,reasoning,think,1744,1.7520235776901245,1.5447331666946411,0.90625
16,reasoning,reason,2874,2.4056756496429443,1.4017349481582642,0.953125
16,reasoning,answer,4226,-1.9100661277770996,1.5918142795562744,0.140625
16,reasoning,solve,11625,-1.0263609886169434,1.3623038530349731,0.25
16,reasoning,step,3019,0.452883780002594,1.3070927858352661,0.640625
16,reasoning,conclusion,16688,-0.7431632280349731,1.1818697452545166,0.28125
16,termination,final,1590,-1.7753463983535767,1.1130541563034058,0.0625
16,termination,end,835,-1.225476622581482,1.4271901845932007,0.1875
16,termination,stop,2936,0.6449884176254272,1.0314956903457642,0.765625
16,termination,short,2805,2.0120387077331543,1.1892670392990112,0.96875
16,termination,continue,3060,0.4613986015319824,1.1587409973144531,0.6875
16,plausibility,plausible,49334,-1.2227588891983032,1.2117143869400024,0.140625
16,plausibility,coherent,55787,0.5552788972854614,0.8671159744262695,0.703125
16,plausibility,confident,16506,2.562051296234131,0.9972084760665894,1.0
16,plausibility,trust,6950,1.7977932691574097,0.9230985641479492,0.96875
17,error,wrong,4969,0.7805472612380981,1.087232232093811,0.703125
17,error,incorrect,15114,-0.6605515480041504,1.1463614702224731,0.3125
17,error,error,1465,0.18225882947444916,0.9606684446334839,0.578125
17,error,mistake,16523,-0.16033101081848145,0.8903123736381531,0.34375
17,error,misleading,37209,-1.284283995628357,0.9105641841888428,0.0625
17,error,deceive,92828,-1.4101812839508057,0.8486632704734802,0.046875
17,checking,correct,4396,1.1599359512329102,1.3797582387924194,0.8125
17,checking,verify,10146,1.6844927072525024,0.9046136736869812,0.984375
17,checking,check,1779,0.6349929571151733,0.9305158853530884,0.78125
17,checking,careful,16585,-0.1874149888753891,0.8682159781455994,0.34375
17,reasoning,think,1744,0.7367703318595886,1.2418718338012695,0.734375
17,reasoning,reason,2874,1.265164852142334,1.0300798416137695,0.90625
17,reasoning,answer,4226,-1.2631975412368774,1.4616817235946655,0.21875
17,reasoning,solve,11625,-1.6835319995880127,1.2908194065093994,0.109375
17,reasoning,step,3019,-0.15324673056602478,1.1903855800628662,0.359375
17,reasoning,conclusion,16688,-0.8138778209686279,0.9776945114135742,0.171875
17,termination,final,1590,-2.8005270957946777,1.0889843702316284,0.0
17,termination,end,835,-1.4841047525405884,1.183129072189331,0.09375
17,termination,stop,2936,-1.0752365589141846,0.8285669088363647,0.0625
17,termination,short,2805,0.5087810158729553,1.0519225597381592,0.765625
17,termination,continue,3060,0.16395840048789978,0.8638092875480652,0.515625
17,plausibility,plausible,49334,-0.41399744153022766,0.939224898815155,0.34375
17,plausibility,coherent,55787,0.7842366099357605,0.7256568074226379,0.859375
17,plausibility,confident,16506,1.0998936891555786,0.8720783591270447,0.921875
17,plausibility,trust,6950,0.8878446817398071,0.8332249522209167,0.828125
18,error,wrong,4969,1.0158058404922485,0.9477837085723877,0.8125
18,error,incorrect,15114,0.06336972862482071,0.9338812828063965,0.515625
18,error,error,1465,0.16559740900993347,0.7898103594779968,0.53125
18,error,mistake,16523,-0.07080152630805969,0.7602490782737732,0.453125
18,error,misleading,37209,-0.7274240255355835,0.9282993078231812,0.1875
18,error,deceive,92828,-1.5559827089309692,0.8443970084190369,0.03125
18,checking,correct,4396,1.8473541736602783,1.3233537673950195,0.9375
18,checking,verify,10146,0.8030827641487122,0.9383394718170166,0.765625
18,checking,check,1779,1.1201181411743164,1.0009775161743164,0.828125
18,checking,careful,16585,0.31663644313812256,0.8789002299308777,0.65625
18,reasoning,think,1744,1.0538311004638672,1.1675969362258911,0.828125
18,reasoning,reason,2874,1.7679905891418457,0.9037953019142151,0.96875
18,reasoning,answer,4226,-0.5045126080513,1.365304708480835,0.34375
18,reasoning,solve,11625,-0.8553584814071655,1.3012032508850098,0.3125
18,reasoning,step,3019,0.002533748745918274,1.127974033355713,0.46875
18,reasoning,conclusion,16688,-0.31815776228904724,0.9282151460647583,0.359375
18,termination,final,1590,-2.5809431076049805,1.045300006866455,0.0
18,termination,end,835,-1.2425537109375,1.0367283821105957,0.125
18,termination,stop,2936,-0.9699493646621704,0.7497110962867737,0.078125
18,termination,short,2805,0.6115450859069824,0.8819369077682495,0.765625
18,termination,continue,3060,0.3514963984489441,0.8241984248161316,0.625
18,plausibility,plausible,49334,0.21123458445072174,0.9695775508880615,0.640625
18,plausibility,coherent,55787,0.45503348112106323,0.6594088673591614,0.765625
18,plausibility,confident,16506,0.6998165845870972,0.8345720171928406,0.765625
18,plausibility,trust,6950,0.7552447319030762,0.8292970657348633,0.796875
19,error,wrong,4969,0.5336470007896423,1.043587565422058,0.6875
19,error,incorrect,15114,-0.04454642906785011,0.8826661705970764,0.484375
19,error,error,1465,-0.26212000846862793,0.6294894218444824,0.40625
19,error,mistake,16523,-0.6805855631828308,0.7315191030502319,0.140625
19,error,misleading,37209,-0.9801411628723145,0.7887893319129944,0.09375
19,error,deceive,92828,-0.7829615473747253,0.7372647523880005,0.15625
19,checking,correct,4396,1.7643356323242188,1.0579890012741089,0.9375
19,checking,verify,10146,0.6051767468452454,0.8008441925048828,0.8125
19,checking,check,1779,1.0934066772460938,0.7699428200721741,0.921875
19,checking,careful,16585,0.1348312497138977,0.817717432975769,0.546875
19,reasoning,think,1744,0.6980933547019958,1.0156253576278687,0.78125
19,reasoning,reason,2874,1.88050377368927,0.7554019093513489,0.984375
19,reasoning,answer,4226,1.4880092144012451,1.110417366027832,0.921875
19,reasoning,solve,11625,-0.5446507930755615,1.1855573654174805,0.375
19,reasoning,step,3019,-1.2025341987609863,1.0493215322494507,0.125
19,reasoning,conclusion,16688,-0.2622198164463043,1.017361044883728,0.34375
19,termination,final,1590,-0.4636651873588562,0.7894854545593262,0.296875
19,termination,end,835,-0.9138620495796204,1.0860356092453003,0.203125
19,termination,stop,2936,-0.6840589642524719,0.7223187685012817,0.140625
19,termination,short,2805,0.11878906935453415,0.8168303370475769,0.5
19,termination,continue,3060,-0.19530124962329865,0.8478914499282837,0.4375
19,plausibility,plausible,49334,0.5620190501213074,0.7882862687110901,0.71875
19,plausibility,coherent,55787,-0.5097067356109619,0.7481966018676758,0.25
19,plausibility,confident,16506,0.8179737329483032,0.8084861040115356,0.859375
19,plausibility,trust,6950,1.005712866783142,0.6449038982391357,0.953125
20,error,wrong,4969,-0.023103537037968636,0.8930454850196838,0.46875
20,error,incorrect,15114,-0.42169713973999023,0.6985749006271362,0.234375
20,error,error,1465,-0.39548423886299133,0.5511865019798279,0.234375
20,error,mistake,16523,-0.9325122833251953,0.7810462713241577,0.078125
20,error,misleading,37209,-0.4824507236480713,0.6436329483985901,0.171875
20,error,deceive,92828,-1.2241437435150146,0.6951686143875122,0.03125
20,checking,correct,4396,1.346190333366394,0.7980136275291443,0.921875
20,checking,verify,10146,0.07492998242378235,0.6900019645690918,0.515625
20,checking,check,1779,0.6171157360076904,0.7092897295951843,0.828125
20,checking,careful,16585,0.05250878632068634,0.6862099170684814,0.4375
20,reasoning,think,1744,0.13962167501449585,0.8805907964706421,0.578125
20,reasoning,reason,2874,1.61269211769104,0.7626621127128601,0.984375
20,reasoning,answer,4226,1.1218996047973633,0.9336332678794861,0.921875
20,reasoning,solve,11625,-0.594646692276001,1.3180115222930908,0.34375
20,reasoning,step,3019,-0.6555150151252747,1.0869685411453247,0.265625
20,reasoning,conclusion,16688,0.501031756401062,0.9538902640342712,0.6875
20,termination,final,1590,-0.02210247702896595,0.87674480676651,0.46875
20,termination,end,835,-0.5754139423370361,0.7743922472000122,0.234375
20,termination,stop,2936,-0.9549359679222107,0.7362276315689087,0.109375
20,termination,short,2805,0.043034084141254425,0.6410004496574402,0.421875
20,termination,continue,3060,-0.9948979616165161,0.779793918132782,0.0625
20,plausibility,plausible,49334,0.6549333930015564,0.5842950344085693,0.875
20,plausibility,coherent,55787,-0.5201178789138794,0.7209866046905518,0.203125
20,plausibility,confident,16506,0.1560869812965393,0.7247316241264343,0.578125
20,plausibility,trust,6950,0.016330139711499214,0.6358633041381836,0.515625
21,error,wrong,4969,-0.12018810212612152,0.8342720866203308,0.4375
21,error,incorrect,15114,-0.5862947106361389,0.7192812561988831,0.171875
21,error,error,1465,0.07613502442836761,0.6043896675109863,0.515625
21,error,mistake,16523,-0.5408470630645752,0.7386242747306824,0.171875
21,error,misleading,37209,-0.6449087858200073,0.5662857294082642,0.140625
21,error,deceive,92828,-1.6995086669921875,0.7001361846923828,0.015625
21,checking,correct,4396,1.6388171911239624,0.8190934062004089,0.96875
21,checking,verify,10146,1.0968326330184937,0.7254763245582581,0.96875
21,checking,check,1779,1.1857895851135254,0.7423402070999146,0.953125
21,checking,careful,16585,-0.3245629668235779,0.7397735118865967,0.3125
21,reasoning,think,1744,-0.02555718831717968,0.8352941870689392,0.46875
21,reasoning,reason,2874,2.1771037578582764,0.979268491268158,1.0
21,reasoning,answer,4226,1.8873738050460815,1.0690882205963135,0.96875
21,reasoning,solve,11625,0.31761494278907776,1.1963986158370972,0.640625
21,reasoning,step,3019,-1.6305153369903564,1.0614672899246216,0.0625
21,reasoning,conclusion,16688,-0.7148501873016357,1.0304714441299438,0.171875
21,termination,final,1590,-0.8189640045166016,1.1043667793273926,0.234375
21,termination,end,835,-0.018950603902339935,0.7402836084365845,0.4375
21,termination,stop,2936,-0.48781171441078186,0.7930472493171692,0.265625
21,termination,short,2805,0.07875852286815643,0.7807955145835876,0.53125
21,termination,continue,3060,-1.9528274536132812,0.8335846662521362,0.015625
21,plausibility,plausible,49334,1.2563502788543701,0.571125328540802,1.0
21,plausibility,coherent,55787,-0.30541253089904785,0.7815231084823608,0.328125
21,plausibility,confident,16506,-0.10168059170246124,0.7881160378456116,0.453125
21,plausibility,trust,6950,-0.17852506041526794,0.6806782484054565,0.34375
22,error,wrong,4969,-0.9426530599594116,0.8783276677131653,0.171875
22,error,incorrect,15114,-1.4530365467071533,0.8139554262161255,0.046875
22,error,error,1465,-0.49307677149772644,0.6358568072319031,0.203125
22,error,mistake,16523,-1.0853993892669678,0.6653501391410828,0.046875
22,error,misleading,37209,-0.7739163637161255,0.635530412197113,0.09375
22,error,deceive,92828,-2.141275405883789,0.7161235213279724,0.015625
22,checking,correct,4396,-0.5257455110549927,0.9542896747589111,0.296875
22,checking,verify,10146,0.9528838396072388,0.7197486162185669,0.953125
22,checking,check,1779,0.7115111351013184,0.7477865815162659,0.8125
22,checking,careful,16585,-0.10566850006580353,0.7712172269821167,0.40625
22,reasoning,think,1744,0.07423685491085052,0.8075379729270935,0.5625
22,reasoning,reason,2874,1.9045778512954712,0.909395694732666,1.0
22,reasoning,answer,4226,1.8338651657104492,1.043692708015442,0.96875
22,reasoning,solve,11625,0.5206589698791504,1.0255132913589478,0.703125
22,reasoning,step,3019,-1.5134727954864502,0.9570737481117249,0.0625
22,reasoning,conclusion,16688,-1.0712898969650269,0.91351318359375,0.140625
22,termination,final,1590,-1.2319492101669312,1.125960111618042,0.125
22,termination,end,835,0.3268251419067383,0.8924271464347839,0.640625
22,termination,stop,2936,-0.5874152779579163,0.7807794809341431,0.234375
22,termination,short,2805,-0.11106812208890915,0.6517006754875183,0.390625
22,termination,continue,3060,-1.8378254175186157,0.7390717267990112,0.0
22,plausibility,plausible,49334,0.43562090396881104,0.586737334728241,0.796875
22,plausibility,coherent,55787,-0.41922828555107117,0.641268253326416,0.28125
22,plausibility,confident,16506,-0.2162313461303711,0.7207980155944824,0.46875
22,plausibility,trust,6950,-0.3277817964553833,0.6714533567428589,0.28125
23,error,wrong,4969,-1.1416184902191162,1.0016804933547974,0.15625
23,error,incorrect,15114,-1.4313888549804688,0.9983980655670166,0.078125
23,error,error,1465,-0.16951459646224976,0.7302954196929932,0.421875
23,error,mistake,16523,-0.43408650159835815,0.6099388003349304,0.234375
23,error,misleading,37209,-0.5903280973434448,0.6502150893211365,0.203125
23,error,deceive,92828,-1.4978374242782593,0.7897890210151672,0.03125
23,checking,correct,4396,-0.6626839637756348,1.2469193935394287,0.296875
23,checking,verify,10146,0.5032075643539429,0.7841964364051819,0.734375
23,checking,check,1779,1.1441854238510132,0.7610286474227905,0.9375
23,checking,careful,16585,0.22207602858543396,0.6840497851371765,0.640625
23,reasoning,think,1744,0.09869685769081116,0.8095105886459351,0.59375
23,reasoning,reason,2874,1.4105900526046753,0.8969053030014038,0.96875
23,reasoning,answer,4226,1.8991584777832031,1.062079668045044,0.96875
23,reasoning,solve,11625,-0.12585270404815674,0.9148864150047302,0.453125
23,reasoning,step,3019,-2.205510377883911,1.1202837228775024,0.015625
23,reasoning,conclusion,16688,0.11664856225252151,0.9629008173942566,0.515625
23,termination,final,1590,-0.19226112961769104,1.2539398670196533,0.484375
23,termination,end,835,1.0403430461883545,0.8953788876533508,0.90625
23,termination,stop,2936,-0.6739475727081299,0.9737851619720459,0.234375
23,termination,short,2805,-0.33717256784439087,0.7746694684028625,0.34375
23,termination,continue,3060,-2.12595272064209,0.8055428862571716,0.0
23,plausibility,plausible,49334,1.2330853939056396,0.6464195251464844,1.0
23,plausibility,coherent,55787,0.15719670057296753,0.7623257637023926,0.609375
23,plausibility,confident,16506,-0.021584881469607353,0.7348094582557678,0.5
23,plausibility,trust,6950,-0.542259931564331,0.79713374376297,0.203125
24,error,wrong,4969,-0.22008758783340454,1.0809093713760376,0.4375
24,error,incorrect,15114,-0.8915157914161682,0.9992761611938477,0.171875
24,error,error,1465,1.0317853689193726,0.7792248129844666,0.890625
24,error,mistake,16523,0.4293609857559204,0.7243866324424744,0.71875
24,error,misleading,37209,-0.051419448107481,0.6991991996765137,0.515625
24,error,deceive,92828,-0.6938369274139404,0.793624997138977,0.1875
24,checking,correct,4396,-0.25796401500701904,1.1734645366668701,0.375
24,checking,verify,10146,1.2142343521118164,0.7874348163604736,0.953125
24,checking,check,1779,2.1824498176574707,0.7675533890724182,0.984375
24,checking,careful,16585,0.8885949850082397,0.6632261872291565,0.890625
24,reasoning,think,1744,0.5046784281730652,0.7918868660926819,0.71875
24,reasoning,reason,2874,1.1805272102355957,0.8528447151184082,0.9375
24,reasoning,answer,4226,1.3715026378631592,1.1279710531234741,0.890625
24,reasoning,solve,11625,-0.15961958467960358,0.9867770671844482,0.453125
24,reasoning,step,3019,-0.5342044830322266,1.7946993112564087,0.421875
24,reasoning,conclusion,16688,0.9080852270126343,0.8333011269569397,0.921875
24,termination,final,1590,0.3221694827079773,0.9982410669326782,0.671875
24,termination,end,835,5.074790954589844,1.56776762008667,1.0
24,termination,stop,2936,-0.031247999519109726,0.9584977030754089,0.546875
24,termination,short,2805,-0.408853679895401,0.8166571855545044,0.3125
24,termination,continue,3060,-1.333371639251709,0.8601136803627014,0.078125
24,plausibility,plausible,49334,1.5356992483139038,0.6225590705871582,1.0
24,plausibility,coherent,55787,-0.02811833657324314,0.7158246040344238,0.4375
24,plausibility,confident,16506,-0.6814407110214233,0.8329291343688965,0.203125
24,plausibility,trust,6950,0.00012615695595741272,0.8012323379516602,0.421875
25,error,wrong,4969,0.001750374212861061,1.125884771347046,0.53125
25,error,incorrect,15114,-0.3504199683666229,0.9762995839118958,0.34375
25,error,error,1465,0.084513358771801,0.8358993530273438,0.515625
25,error,mistake,16523,-0.3883802890777588,0.676419198513031,0.328125
25,error,misleading,37209,-0.09775827825069427,0.7154492735862732,0.46875
25,error,deceive,92828,-1.2332267761230469,0.7300387024879456,0.03125
25,checking,correct,4396,0.05365535616874695,1.2413582801818848,0.5
25,checking,verify,10146,0.5861467719078064,0.9066453576087952,0.765625
25,checking,check,1779,1.1779536008834839,0.7782267332077026,0.9375
25,checking,careful,16585,-0.25700363516807556,0.6656764149665833,0.34375
25,reasoning,think,1744,0.11327309161424637,0.8127321004867554,0.5
25,reasoning,reason,2874,0.6999508738517761,0.9543970823287964,0.75
25,reasoning,answer,4226,0.9097927808761597,1.0532575845718384,0.796875
25,reasoning,solve,11625,-0.9969766139984131,0.9471800923347473,0.15625
25,reasoning,step,3019,-1.5179507732391357,1.6499260663986206,0.203125
25,reasoning,conclusion,16688,1.025437355041504,0.8566172122955322,0.9375
25,termination,final,1590,0.5832721590995789,0.9827609062194824,0.765625
25,termination,end,835,4.634148597717285,1.5304319858551025,1.0
25,termination,stop,2936,0.2689996361732483,0.8815385699272156,0.703125
25,termination,short,2805,-0.8380171060562134,0.8702797293663025,0.1875
25,termination,continue,3060,-1.586606502532959,0.7581326365470886,0.0
25,plausibility,plausible,49334,0.40466123819351196,0.6479765772819519,0.6875
25,plausibility,coherent,55787,-0.840582549571991,0.7241029143333435,0.109375
25,plausibility,confident,16506,-1.3553720712661743,0.8683814406394958,0.078125
25,plausibility,trust,6950,-0.7477207183837891,0.7550763487815857,0.140625
26,error,wrong,4969,-0.6607118844985962,0.8804468512535095,0.234375
26,error,incorrect,15114,-0.7033628821372986,0.7582084536552429,0.140625
26,error,error,1465,-0.15957330167293549,0.8287087082862854,0.40625
26,error,mistake,16523,-0.6081950664520264,0.6645045876502991,0.140625
26,error,misleading,37209,-0.5695089101791382,0.7050015330314636,0.234375
26,error,deceive,92828,-1.7116369009017944,0.7952489256858826,0.03125
26,checking,correct,4396,-0.29735472798347473,1.0451527833938599,0.375
26,checking,verify,10146,-0.4026992619037628,0.8243595957756042,0.296875
26,checking,check,1779,0.826598584651947,0.7930431962013245,0.90625
26,checking,careful,16585,-0.40881112217903137,0.6451541781425476,0.203125
26,reasoning,think,1744,0.11487022042274475,0.7699422836303711,0.515625
26,reasoning,reason,2874,-0.5560126304626465,0.9222965240478516,0.296875
26,reasoning,answer,4226,-0.015848059207201004,1.0171544551849365,0.484375
26,reasoning,solve,11625,-0.7715113759040833,0.8165276646614075,0.171875
26,reasoning,step,3019,-1.7012889385223389,1.4207366704940796,0.125
26,reasoning,conclusion,16688,0.20037564635276794,0.8555282354354858,0.546875
26,termination,final,1590,-0.28970015048980713,0.9099794030189514,0.375
26,termination,end,835,3.3978734016418457,1.4750858545303345,0.96875
26,termination,stop,2936,-0.8046228885650635,0.7973413467407227,0.15625
26,termination,short,2805,-1.7955825328826904,1.0766029357910156,0.03125
26,termination,continue,3060,-1.528898000717163,0.7006229162216187,0.03125
26,plausibility,plausible,49334,-0.3079175651073456,0.7086596488952637,0.234375
26,plausibility,coherent,55787,-1.7372515201568604,0.7459636926651001,0.03125
26,plausibility,confident,16506,-2.2351274490356445,0.7325173020362854,0.0
26,plausibility,trust,6950,-0.6060135960578918,0.6071267127990723,0.109375
